,Region,Ensemencee,Recoltee,Rendement,Production_boisseaux,Production_tonnes,Onglet,Annee
0,Brant,0.0,0.0,0.0,0.0,0.0,oats2022,2022
1,Chatham-Kent,0.0,0.0,0.0,0.0,0.0,oats2022,2022
2,Elgin,0.0,0.0,0.0,0.0,0.0,oats2022,2022
3,Essex,0.0,0.0,0.0,0.0,0.0,oats2022,2022
4,Haldimand-Norfolk,1025.801292343406,865.2615028476753,56.55415948652038,48.934137029593735,0.9938523230710489,oats2022,2022
5,Hamilton,200.15634972554264,168.8315127507659,17.99625869742519,3.038335579740423,0.061708595624528,oats2022,2022
6,Lambton,1000.7817486277132,844.1575637538295,87.77124910996514,74.09276381629866,1.5048240331090257,oats2022,2022
7,Middlesex,2226.7393906966618,1878.2505793522707,51.45573885761016,96.64677132030543,1.9628959255154035,oats2022,2022
8,Niagara,2020.3281550421962,1704.1430818280435,73.30841919896903,124.9280354176732,2.537288399332943,oats2022,2022
9,Oxford,87.5684030049249,73.86378682846008,86.7471175432485,6.407470598197877,0.13013572784939886,oats2022,2022
11,Bruce,5561.594545823739,4596.876403114179,84.47713785842554,388.33096162401984,7.887001830583844,oats2022,2022
12,Dufferin,3400.8314786710434,2810.9208333084907,110.55348195343308,310.7570856176993,6.311476408895474,oats2022,2022
13,Grey,4448.776615165423,3677.088661620719,96.46250586156461,354.70118657508135,7.203981099339903,oats2022,2022
14,Halton,37.42661201765639,30.93456529686527,26.034127665653063,0.8053544222200713,0.016356748315289646,oats2022,2022
15,Huron,2068.4440908424763,1709.6503087400872,89.92454807374156,153.73953137758508,3.122449882278753,oats2022,2022
16,Peel,79.84343897100031,65.99373929997925,67.95312298592498,4.484480682952561,0.09107980267076651,oats2022,2022
17,Perth,3051.516433172918,2522.198223871082,123.9417342446473,312.6056219753511,6.349020182319381,oats2022,2022
18,Simcoe,7497.797940870496,6197.224581138676,102.00524898042671,632.1494363866713,12.838955053013295,oats2022,2022
19,Waterloo,698.6300909962525,577.4452188748184,110.69767113073964,63.92184093502261,1.2982525893903092,oats2022,2022
20,Wellington,4750.684618774518,3926.6274883487654,99.04702859985872,388.9207851394716,7.898981146182669,oats2022,2022
22,Durham,556.4739697892663,492.3824377386646,89.05155854201351,43.84742347934401,0.8905411708654769,oats2022,2022
23,Haliburton,0.0,0.0,0.0,0.0,0.0,oats2022,2022
24,Hastings,269.26159828512885,238.24956664774092,60.04335930469376,14.305304334417892,0.2905407310320274,oats2022,2022
25,Kawartha Lakes,5211.707824585494,4611.452723337386,81.24539607462361,374.6593029869476,7.609330443664906,oats2022,2022
26,Muskoka,0.0,0.0,0.0,0.0,0.0,oats2022,2022
27,Northumberland,394.91701081818894,349.43269775002,61.44358788972593,21.47039867574739,0.4360637971044295,oats2022,2022
28,Parry Sound,0.0,0.0,0.0,0.0,0.0,oats2022,2022
29,Peterborough,1047.128437775501,926.5260925189924,77.67176592849657,71.96491778477974,1.4616074802088768,oats2022,2022
30,Prince Edward,1196.7182146005725,1058.8869628788484,3.924914936562092,4.156041256734062,0.08440919792426879,oats2022,2022
31,York,0.0,0.0,0.0,0.0,0.0,oats2022,2022
33,Frontenac,556.7613444368642,460.6200849790674,7.114732000666929,3.277188458750491,0.06655969759722248,oats2022,2022
34,Lanark,311.1313395382476,257.4053416059494,70.29230438039058,18.093614621303807,0.36748131295868036,oats2022,2022
35,Leeds and Grenville,3531.613625986776,2921.7764213868295,63.69553560085417,186.1041140661811,3.779774556684138,oats2022,2022
36,Lennox and Addington,327.50667319815534,270.95299116415725,31.22087294502605,8.459388911210919,0.17181018878669377,oats2022,2022
37,Ottawa,267.4637831118269,221.2782761173951,42.45081417846707,9.393442981191066,0.1907808269479906,oats2022,2022
38,Prescott and Russell,1102.6057997671232,912.2084035859963,72.17001877558474,65.83409761404752,1.3370905225413052,oats2022,2022
39,Renfrew,3296.9005101947646,2727.59344438585,61.50054275524173,167.74847724536903,3.406971572853445,oats2022,2022
40,"Stormont, Dundas and Glengarry",1299.1098036860164,1074.7801982844906,109.38695482059116,117.56693299181157,2.387784409063693,oats2022,2022
42,Algoma,233.00078319288085,222.18708622505414,94.6506674194527,21.03015600318486,0.42712246842468454,oats2022,2022
43,Cochrane,3583.034265988301,3416.7436370608325,114.2758697332242,390.4513507805864,7.930066934353709,oats2022,2022
44,Grand Sudbury,0.0,0.0,0.0,0.0,0.0,oats2022,2022
45,Kenora,0.0,0.0,0.0,0.0,0.0,oats2022,2022
46,Manitoulin,120.8152209148271,115.2081187833614,39.42741442333915,4.542358244204873,0.09225529593980099,oats2022,2022
47,Nipissing,1505.0124662532746,1435.1639939870163,109.05742783849827,156.51529371065,3.1788256152633014,oats2022,2022
48,Rainy River,2878.8541212275945,2745.244887580669,105.19523515666356,288.7866815116769,5.865257501502158,oats2022,2022
49,Sudbury,379.704980018028,362.0826590334215,84.09340993244054,30.44876547552561,0.6184144268079252,oats2022,2022
50,Thunder Bay,0.0,0.0,0.0,0.0,0.0,oats2022,2022
51,Timiskaming,22473.357021885196,21430.355923973555,106.82836807128596,2289.3699505449104,46.497103695567134,oats2022,2022
53,Brant,184.05603883932733,95.82110680335333,124.17179071248192,11.898278419824369,0.24165403470663294,oats2021,2021
54,Chatham-Kent,0.0,0.0,0.0,0.0,0.0,oats2021,2021
55,Elgin,180.9884381920052,94.22408835663077,166.32715385511406,15.672024440951187,0.3182988163957186,oats2021,2021
56,Essex,76.69001618305306,39.92546116806389,100.76225090043009,4.022979335531832,0.08170671030465151,oats2021,2021
57,Haldimand-Norfolk,7214.996722501633,3756.187386691451,78.29506025405267,294.0909177665198,5.9729865398380175,oats2021,2021
58,Hamilton,239.27285049112552,124.56743884435933,60.45137721815874,7.530273234680286,0.1529398493963566,oats2021,2021
59,Lambton,2954.0994233712036,1537.928764193821,125.69544037220587,193.31063327642468,3.926138961844186,oats2021,2021
60,Middlesex,294.4896621429237,153.31377088536533,90.48451669441586,13.872522461160688,0.2817509311861736,oats2021,2021
61,Niagara,509.22170745547226,265.1050621559442,101.12789061681171,26.809515727669396,0.5445012644289655,oats2021,2021
62,Oxford,251.543253080414,130.95551263124955,114.26829418647714,14.964063042688545,0.3039201203970044,oats2021,2021
64,Bruce,2015.060435382753,1723.1531523359806,68.89475759391557,118.71621872737884,2.4111264023530645,oats2021,2021
65,Dufferin,2015.060435382753,1723.1531523359806,83.47798885467321,143.84535964559802,2.921499254402096,oats2021,2021
66,Grey,200.44308776979906,171.40634220674409,75.82111969368495,12.996220788714266,0.2639532442187868,oats2021,2021
67,Halton,0.0,0.0,0.0,0.0,0.0,oats2021,2021
68,Huron,97.18452740353895,83.10610531236078,70.23719285226817,5.837139546025193,0.11855230417977167,oats2021,2021
69,Peel,92.62900268149805,79.21050662584386,68.03188851651294,5.388840356105918,0.10944734763251121,oats2021,2021
70,Perth,37.9627060170074,32.46332238764093,88.45895748682993,2.8716716549695835,0.058323651312432244,oats2021,2021
71,Simcoe,1106.9925074559358,946.6304808236094,53.53288762969036,50.675863156770035,1.0292267807139994,oats2021,2021
72,Waterloo,18577.42981648274,15886.251443615965,91.7607881450857,1457.7349531372063,29.60659689821666,oats2021,2021
73,Wellington,364.44197776327104,311.64789492135293,81.59122847852707,25.427734599380102,0.5164372897134099,oats2021,2021
75,Durham,1717.7579217996367,1157.1933953134478,79.6802165070953,92.20542027915623,1.872692085869663,oats2021,2021
76,Haliburton,0.0,0.0,0.0,0.0,0.0,oats2021,2021
77,Hastings,31.988043236492302,21.54922523861169,45.82454258206843,0.9874833895573452,0.02005578764190968,oats2021,2021
78,Kawartha Lakes,1423.4679240239075,958.9405231182202,43.24529485694325,41.469665672518836,0.8422489098088577,oats2021,2021
79,Muskoka,0.0,0.0,0.0,0.0,0.0,oats2021,2021
80,Northumberland,15.994021618246151,10.774612619305845,31.024343490187285,0.33427528287505104,0.006789130995192288,oats2021,2021
81,Parry Sound,0.0,0.0,0.0,0.0,0.0,oats2021,2021
82,Peterborough,2066.4275930774024,1392.0799504143151,47.63512204454262,66.31189833374674,1.3467946551583965,oats2021,2021
83,Prince Edward,299.08820426120303,201.48525598101932,48.10202706344791,9.691849236084721,0.1968414579848807,oats2021,2021
84,York,0.0,0.0,0.0,0.0,0.0,oats2021,2021
86,Frontenac,27.592198137697544,23.281721948861954,0.0,0.7967411385935225,0.01618181252483444,oats2021,2021
87,Lanark,217.28856033436813,183.34356034728788,121.64413788076864,22.302669334436512,0.4529672141824056,oats2021,2021
88,Leeds and Grenville,94.84818109833527,80.03091919921295,83.36735846084872,6.6719663288320055,0.13550763613857805,oats2021,2021
89,Lennox and Addington,1122.6575617275685,947.2750617943205,0.0,38.95575150318953,0.7911913130297794,oats2021,2021
90,Ottawa,201.76794888191327,170.24759175105302,58.766559474149055,10.004865225968906,0.2031988127394285,oats2021,2021
91,Prescott and Russell,379.3927243933411,320.1236767968518,59.06410380004494,18.90781807518129,0.384017785106932,oats2021,2021
92,Renfrew,1452.0394269963328,1225.2006175588601,75.17815068993801,92.1083166522451,1.870719911207098,oats2021,2021
93,"Stormont, Dundas and Glengarry",1648.6338387274277,1391.0828864445014,124.196936876579,172.76823343783704,3.508922821122471,oats2021,2021
95,Algoma,3498.2811318868253,3366.514441207732,34.49363203105636,116.12331036225682,2.358464433457436,oats2021,2021
96,Cochrane,160.8405118108885,154.78227315897618,115.75484203002082,17.916797578564818,0.3638901588206515,oats2021,2021
97,Grand Sudbury,7499.188863182677,7216.723486037265,74.08352870048867,534.6403415013324,10.85854533589206,oats2021,2021
98,Kenora,0.0,0.0,0.0,0.0,0.0,oats2021,2021
99,Manitoulin,1206.3038385816637,1160.8670486923213,74.58507905971673,86.58336060453682,1.758508053878143,oats2021,2021
100,Nipissing,2613.658316926938,2515.2119388333626,122.14986907062726,307.2328090133738,6.239898351061623,oats2021,2021
101,Rainy River,7076.982519679095,6810.420018994952,137.70035650421895,937.7972645590744,19.046662443194805,oats2021,2021
102,Sudbury,0.0,0.0,0.0,0.0,0.0,oats2021,2021
103,Thunder Bay,0.0,0.0,0.0,0.0,0.0,oats2021,2021
104,Timiskaming,2533.238061021494,2437.8208022538747,113.43079561770286,276.52395317304365,5.616201488944517,oats2021,2021
106,Brant,200.0,225.0,28.8,6.48,0.09993522716757658,oats2020,2020
107,Chatham-Kent,430.0,360.0,91.2,32.832,0.5063384843157213,oats2020,2020
108,Elgin,0.0,0.0,0.0,0.0,0.0,oats2020,2020
109,Essex,0.0,0.0,0.0,0.0,0.0,oats2020,2020
110,Haldimand-Norfolk,400.0,390.0,29.3,11.427,0.17622837050060147,oats2020,2020
111,Hamilton,0.0,0.0,0.0,0.0,0.0,oats2020,2020
112,Lambton,1500.0,750.0,92.0,69.0,1.064125104099195,oats2020,2020
113,Middlesex,1200.0,1000.0,64.7,64.7,0.9978100613799699,oats2020,2020
114,Niagara,1500.0,1250.0,42.8,53.5,0.8250825082508251,oats2020,2020
115,Oxford,0.0,0.0,0.0,0.0,0.0,oats2020,2020
117,Bruce,4080.0,3780.0,87.71164021164022,331.55,5.113198235711422,oats2020,2020
118,Dufferin,4300.0,3990.0,86.3,344.337,5.310400666234847,oats2020,2020
119,Grey,2600.0,2570.0,88.20664411764706,226.69107538235295,3.4960531041971707,oats2020,2020
120,Halton,0.0,0.0,0.0,0.0,0.0,oats2020,2020
121,Huron,7340.0,6800.0,99.1,673.88,10.392646741309646,oats2020,2020
122,Peel,0.0,0.0,0.0,0.0,0.0,oats2020,2020
123,Perth,1800.0,1750.0,79.3,138.775,2.1402023379908086,oats2020,2020
124,Simcoe,5260.0,4880.0,82.8,404.064,6.231516609604886,oats2020,2020
125,Waterloo,1870.0,1730.0,74.97109826589596,129.70000000000002,2.000246753647328,oats2020,2020
126,Wellington,4050.0,3750.0,81.43733333333333,305.39,4.709756022331205,oats2020,2020
128,Durham,2180.0,1750.0,51.64,90.37,1.3936954443107863,oats2020,2020
129,Haliburton,0.0,0.0,0.0,0.0,0.0,oats2020,2020
130,Hastings,1650.0,1320.0,44.71969696969697,59.03,0.9103667376083403,oats2020,2020
131,Kawartha Lakes,2200.0,2100.0,37.4,78.54,1.2112519663181271,oats2020,2020
132,Muskoka,0.0,0.0,0.0,0.0,0.0,oats2020,2020
133,Northumberland,3010.0,2410.0,24.543568464730292,59.150000000000006,0.9122173899632955,oats2020,2020
134,Parry Sound,450.0,360.0,52.80555555555556,19.01,0.29317417723080724,oats2020,2020
135,Peterborough,1090.0,870.0,35.804597701149426,31.15,0.48039850714043364,oats2020,2020
136,Prince Edward,700.0,560.0,25.2,14.112,0.21763671694272232,oats2020,2020
137,York,0.0,0.0,0.0,0.0,0.0,oats2020,2020
139,Frontenac,220.0,190.0,49.21052631578947,9.35,0.14419666265691988,oats2020,2020
140,Lanark,310.0,270.0,60.47148823529412,16.32730182352941,0.25180132974814795,oats2020,2020
141,Leeds and Grenville,2990.0,2640.0,35.39772727272727,93.45,1.441195521421301,oats2020,2020
142,Lennox and Addington,640.0,570.0,39.1578947368421,22.32,0.34422133802165267,oats2020,2020
143,Ottawa,1560.0,1380.0,18.9,26.1,0.402516887202739,oats2020,2020
144,Prescott and Russell,1730.0,1540.0,59.642857142857146,91.85,1.416520156688566,oats2020,2020
145,Renfrew,2430.0,2150.0,52.009302325581395,111.82,1.7244995527590141,oats2020,2020
146,"Stormont, Dundas and Glengarry",2220.0,1960.0,31.025510204081634,60.81,0.9378180808735079,oats2020,2020
148,Algoma,400.0,360.0,46.4,16.704,0.25761080780975293,oats2020,2020
149,Cochrane,1310.0,1170.0,53.0,62.01,0.9563246044230591,oats2020,2020
150,Grand Sudbury,0.0,0.0,0.0,0.0,0.0,oats2020,2020
151,Kenora,0.0,0.0,0.0,0.0,0.0,oats2020,2020
152,Manitoulin,620.0,550.0,29.072727272727274,15.99,0.24659942629776999,oats2020,2020
153,Nipissing,3400.0,3030.0,79.66666666666667,241.39,3.722741433021807,oats2020,2020
154,Rainy River,1620.0,1440.0,92.0,132.48,2.043120199870454,oats2020,2020
155,Sudbury,1290.0,1150.0,25.704347826086956,29.56,0.4558773634372783,oats2020,2020
156,Thunder Bay,560.0,500.0,75.0,37.5,0.5783288609234756,oats2020,2020
157,Timiskaming,14260.0,12690.0,89.62253743104807,1137.31,17.539711915116744,oats2020,2020
159,Brant,0.0,0.0,0.0,0.0,0.0,oats2019,2019
160,Chatham-Kent,0.0,0.0,0.0,0.0,0.0,oats2019,2019
161,Elgin,0.0,0.0,0.0,0.0,0.0,oats2019,2019
162,Essex,0.0,0.0,0.0,0.0,0.0,oats2019,2019
163,Haldimand-Norfolk,540.0,370.0,40.07737967914438,14.82863048128342,0.22868866600788718,oats2019,2019
164,Hamilton,0.0,0.0,0.0,0.0,0.0,oats2019,2019
165,Lambton,1550.0,1050.0,39.00952380952381,40.96000000000001,0.631689337158015,oats2019,2019
166,Middlesex,500.0,340.0,52.05349705882353,17.698189000000003,0.27294329292742364,oats2019,2019
167,Niagara,0.0,0.0,0.0,0.0,0.0,oats2019,2019
168,Oxford,2910.0,1970.0,42.0,82.74,1.1333212960933259,oats2019,2019
170,Bruce,3810.0,3510.0,87.43304843304843,306.89,4.732889176768144,oats2019,2019
171,Dufferin,2540.0,2340.0,91.64060588235294,214.43901776470588,3.3071006101709677,oats2019,2019
172,Grey,7610.0,7020.0,97.85253235294118,686.9247771176471,10.59382463708163,oats2019,2019
173,Halton,0.0,0.0,0.0,0.0,0.0,oats2019,2019
174,Huron,4380.0,4040.0,73.16336633663366,295.58,4.558465192313624,oats2019,2019
175,Peel,0.0,0.0,0.0,0.0,0.0,oats2019,2019
176,Perth,4330.0,3990.0,97.00656764705883,387.0562049117647,5.969220642666246,oats2019,2019
177,Simcoe,7270.0,6710.0,82.48137108792847,553.45,8.535362882082602,oats2019,2019
178,Waterloo,2290.0,2110.0,97.24170616113744,205.18,3.164307084914099,oats2019,2019
179,Wellington,3860.0,3560.0,98.41202647058823,350.3468142352941,5.403084640129763,oats2019,2019
181,Durham,980.0,840.0,75.29761904761905,63.25,0.9754480120909287,oats2019,2019
182,Haliburton,0.0,0.0,0.0,0.0,0.0,oats2019,2019
183,Hastings,420.0,360.0,37.0,13.32,0.20542241140001852,oats2019,2019
184,Kawartha Lakes,2150.0,1840.0,47.0,86.48,1.3337034638043244,oats2019,2019
185,Muskoka,0.0,0.0,0.0,0.0,0.0,oats2019,2019
186,Northumberland,1640.0,1410.0,41.851032352941175,59.00995561764706,0.9100576110799645,oats2019,2019
187,Parry Sound,0.0,0.0,0.0,0.0,0.0,oats2019,2019
188,Peterborough,600.0,510.0,50.69470882352942,25.854301500000002,0.3987276996391228,oats2019,2019
189,Prince Edward,0.0,0.0,0.0,0.0,0.0,oats2019,2019
190,York,0.0,0.0,0.0,0.0,0.0,oats2019,2019
192,Frontenac,870.0,650.0,53.707692307692305,34.91,0.5383856142623608,oats2019,2019
193,Lanark,0.0,0.0,0.0,0.0,0.0,oats2019,2019
194,Leeds and Grenville,2070.0,1540.0,43.564935064935064,67.09,1.0346688874494927,oats2019,2019
195,Lennox and Addington,0.0,0.0,0.0,0.0,0.0,oats2019,2019
196,Ottawa,0.0,0.0,0.0,0.0,0.0,oats2019,2019
197,Prescott and Russell,1160.0,860.0,61.51738529411765,52.904951352941175,0.8159056067508895,oats2019,2019
198,Renfrew,3700.0,2760.0,57.88405797101449,159.76,2.4638351685635853,oats2019,2019
199,"Stormont, Dundas and Glengarry",410.0,310.0,64.7741935483871,20.080000000000005,0.3096758273958238,oats2019,2019
201,Algoma,1190.0,1120.0,59.99107142857143,67.19,1.0362110977452885,oats2019,2019
202,Cochrane,0.0,0.0,0.0,0.0,0.0,oats2019,2019
203,Grand Sudbury,0.0,0.0,0.0,0.0,0.0,oats2019,2019
204,Kenora,0.0,0.0,0.0,0.0,0.0,oats2019,2019
205,Manitoulin,430.0,410.0,60.829268292682926,24.94,0.38462724777150614,oats2019,2019
206,Nipissing,1240.0,1170.0,85.2905982905983,99.79,1.5389716541747633,oats2019,2019
207,Rainy River,2190.0,2200.0,20.76818181818182,45.69,0.7046358841491626,oats2019,2019
208,Sudbury,0.0,0.0,0.0,0.0,0.0,oats2019,2019
209,Thunder Bay,0.0,0.0,0.0,0.0,0.0,oats2019,2019
210,Timiskaming,14020.0,13250.0,76.35705882352941,1011.7310294117647,15.603020101350431,oats2019,2019
212,Brant,0.0,0.0,0.0,0.0,0.0,oats2018,2018
213,Chatham-Kent,0.0,0.0,0.0,0.0,0.0,oats2018,2018
214,Elgin,230.0,120.0,82.0,9.84,0.15175349310631997,oats2018,2018
215,Essex,200.0,100.0,94.6,9.46,0.14589309398229544,oats2018,2018
216,Haldimand-Norfolk,2830.0,1420.0,54.00704225352113,76.69,1.1827210758459024,oats2018,2018
217,Hamilton,0.0,0.0,0.0,0.0,0.0,oats2018,2018
218,Lambton,490.0,250.0,56.16,14.04,0.21652632552974924,oats2018,2018
219,Middlesex,1400.0,700.0,63.885714285714286,44.72,0.689676444279942,oats2018,2018
220,Niagara,360.0,180.0,123.22222222222223,22.18,0.34206224360753834,oats2018,2018
221,Oxford,0.0,0.0,0.0,0.0,2.728632676351747,oats2018,2018
223,Bruce,3390.0,2610.0,53.984674329501914,140.9,2.172974306776472,oats2018,2018
224,Dufferin,1230.0,950.0,98.03157894736842,93.13,1.4362604484747539,oats2018,2018
225,Grey,4770.0,3670.0,78.92370572207085,289.65,4.467012121772925,oats2018,2018
226,Halton,0.0,0.0,0.0,0.0,0.0,oats2018,2018
227,Huron,1650.0,1270.0,82.08661417322834,104.25,1.607754233367262,oats2018,2018
228,Peel,0.0,0.0,0.0,0.0,0.0,oats2018,2018
229,Perth,2520.0,1940.0,115.27835051546391,223.64,3.4489991055180282,oats2018,2018
230,Simcoe,2400.0,1850.0,74.63783783783784,138.08,2.129483976435027,oats2018,2018
231,Waterloo,1420.0,1090.0,52.0,56.68,0.8741247956571359,oats2018,2018
232,Wellington,4090.0,3150.0,95.38412698412698,300.46,4.633725054748465,oats2018,2018
234,Durham,990.0,770.0,60.1948051948052,46.35,0.7148144721014158,oats2018,2018
235,Haliburton,0.0,0.0,0.0,0.0,0.0,oats2018,2018
236,Hastings,790.0,620.0,60.935483870967744,37.78,0.5826470497517041,oats2018,2018
237,Kawartha Lakes,3160.0,2470.0,43.392712550607285,107.18,1.652940995034083,oats2018,2018
238,Muskoka,0.0,0.0,0.0,0.0,0.0,oats2018,2018
239,Northumberland,1100.0,860.0,65.1046511627907,55.99,0.8634835446161438,oats2018,2018
240,Parry Sound,0.0,0.0,0.0,0.0,0.0,oats2018,2018
241,Peterborough,820.0,640.0,59.296875,37.95,0.5852688072545573,oats2018,2018
242,Prince Edward,310.0,240.0,51.875,12.45,0.19200518182659387,oats2018,2018
243,York,0.0,0.0,0.0,0.0,0.0,oats2018,2018
245,Frontenac,570.0,450.0,40.51111111111111,18.23,0.28114493692359893,oats2018,2018
246,Lanark,0.0,0.0,0.0,0.0,0.0,oats2018,2018
247,Leeds and Grenville,2570.0,2040.0,80.0,163.2,2.5168872027389653,oats2018,2018
248,Lennox and Addington,300.0,240.0,42.5,10.2,0.15730545017118533,oats2018,2018
249,Ottawa,0.0,0.0,0.0,0.0,0.0,oats2018,2018
250,Prescott and Russell,460.0,360.0,71.33333333333333,25.68,0.39603960396039606,oats2018,2018
251,Renfrew,3140.0,2490.0,42.389558232931726,105.55,1.627802967212609,oats2018,2018
252,"Stormont, Dundas and Glengarry",510.0,400.0,76.975,30.79,0.4748465500755683,oats2018,2018
254,Algoma,980.0,840.0,38.17857142857143,32.07,0.4945868418617563,oats2018,2018
255,Cochrane,0.0,0.0,0.0,0.0,0.0,oats2018,2018
256,Grand Sudbury,0.0,0.0,0.0,0.0,0.0,oats2018,2018
257,Kenora,0.0,0.0,0.0,0.0,0.0,oats2018,2018
258,Manitoulin,400.0,340.0,100.76470588235294,34.26,0.5283612473396873,oats2018,2018
259,Nipissing,2584.0,2220.0,73.2072072072072,162.52,2.5064001727275533,oats2018,2018
260,Rainy River,2584.0,2200.0,91.53181818181818,201.37,3.105548872644274,oats2018,2018
261,Sudbury,0.0,0.0,0.0,0.0,0.0,oats2018,2018
262,Thunder Bay,0.0,0.0,0.0,0.0,0.0,oats2018,2018
263,Timiskaming,14521.0,12480.0,98.46073717948718,1228.79,18.950525893710868,oats2018,2018
265,Brant,330.0,220.0,0.0,0.0,0.0,oats2017,2017
266,Chatham-Kent,300.0,200.0,63.33333333333326,12.666666666666652,0.19534663746748485,oats2017,2017
267,Elgin,0.0,0.0,0.0,0.0,0.0,oats2017,2017
268,Essex,0.0,0.0,0.0,0.0,0.0,oats2017,2017
269,Haldimand-Norfolk,1910.0,1300.0,41.676923076923075,54.18,0.8355695382622375,oats2017,2017
270,Hamilton,0.0,0.0,0.0,0.0,0.0,oats2017,2017
271,Lambton,850.0,580.0,72.86206896551724,42.26,0.651738071003362,oats2017,2017
272,Middlesex,1000.0,680.0,95.63235294117646,65.03,1.0028993553560963,oats2017,2017
273,Niagara,0.0,0.0,0.0,0.0,0.0,oats2017,2017
274,Oxford,0.0,0.0,0.0,0.0,2.685553602089181,oats2017,2017
276,Bruce,4140.0,2830.0,89.16254416961131,252.33,3.8914592393818825,oats2017,2017
277,Dufferin,2700.0,1850.0,84.76976880400261,156.82407228740482,2.4185569891028162,oats2017,2017
278,Grey,3530.0,2410.0,95.72801330911757,230.70451207497334,3.557948738086014,oats2017,2017
279,Halton,0.0,0.0,0.0,0.0,0.0,oats2017,2017
280,Huron,1310.0,900.0,90.73333333333333,81.66,1.2593689275469602,oats2017,2017
281,Peel,0.0,0.0,0.0,0.0,0.0,oats2017,2017
282,Perth,6050.0,4140.0,0.0,0.0,0.0,oats2017,2017
283,Simcoe,4740.0,3240.0,77.38933406775062,250.74144237951202,3.8669603402040655,oats2017,2017
284,Waterloo,1440.0,980.0,86.36988708843519,84.6424893466665,1.3053651853222679,oats2017,2017
285,Wellington,3240.0,2220.0,79.40090090090091,176.27,2.7184540883994943,oats2017,2017
287,Durham,0.0,0.0,0.0,0.0,0.0,oats2017,2017
288,Haliburton,0.0,0.0,0.0,0.0,0.0,oats2017,2017
289,Hastings,1170.0,760.0,51.75,39.33,0.6065513093365411,oats2017,2017
290,Kawartha Lakes,2730.0,1770.0,49.440677966101696,87.51,1.3495882298510227,oats2017,2017
291,Muskoka,0.0,0.0,0.0,0.0,0.0,oats2017,2017
292,Northumberland,1540.0,1000.0,85.58,85.58,1.3198235711421609,oats2017,2017
293,Parry Sound,0.0,0.0,0.0,0.0,0.0,oats2017,2017
294,Peterborough,0.0,0.0,0.0,0.0,0.0,oats2017,2017
295,Prince Edward,1180.0,760.0,0.0,0.0,0.0,oats2017,2017
296,York,0.0,0.0,0.0,0.0,0.0,oats2017,2017
298,Frontenac,0.0,0.0,0.0,0.0,0.0,oats2017,2017
299,Lanark,1410.0,1270.0,0.0,0.0,0.0,oats2017,2017
300,Leeds and Grenville,1320.0,1190.0,65.77089207174888,78.26736156538115,1.2070473083091384,oats2017,2017
301,Lennox and Addington,0.0,0.0,0.0,0.0,0.0,oats2017,2017
302,Ottawa,0.0,0.0,0.0,0.0,0.0,oats2017,2017
303,Prescott and Russell,0.0,0.0,0.0,0.0,0.0,oats2017,2017
304,Renfrew,2860.0,2570.0,58.08171206225681,149.27,2.302057308534592,oats2017,2017
305,"Stormont, Dundas and Glengarry",0.0,0.0,0.0,0.0,0.0,oats2017,2017
307,Algoma,2960.0,2810.0,0.0,0.0,0.0,oats2017,2017
308,Cochrane,0.0,0.0,0.0,0.0,0.0,oats2017,2017
309,Grand Sudbury,0.0,0.0,0.0,0.0,0.0,oats2017,2017
310,Kenora,0.0,0.0,0.0,0.0,0.0,oats2017,2017
311,Manitoulin,280.0,270.0,0.0,0.0,0.0,oats2017,2017
312,Nipissing,2490.0,2360.0,87.96186440677967,207.59,3.201474353042781,oats2017,2017
313,Rainy River,1400.0,1330.0,55.4812030075188,73.79,1.1379969772678205,oats2017,2017
314,Sudbury,2960.0,2810.0,0.0,0.0,0.0,oats2017,2017
315,Thunder Bay,0.0,0.0,0.0,0.0,0.0,oats2017,2017
316,Timiskaming,11470.0,10870.0,104.04490816813184,1130.9681517875931,17.441907279041256,oats2017,2017
318,Brant,0.0,0.0,0.0,0.0,0.0,oats2016,2016
319,Chatham-Kent,0.0,0.0,0.0,0.0,0.0,oats2016,2016
320,Elgin,0.0,0.0,0.0,0.0,0.0,oats2016,2016
321,Essex,0.0,0.0,0.0,0.0,0.0,oats2016,2016
322,Haldimand-Norfolk,960.0,780.0,52.64102564102564,41.06,0.6332315474538108,oats2016,2016
323,Hamilton,0.0,0.0,0.0,0.0,0.0,oats2016,2016
324,Lambton,1250.0,1130.0,68.7433628318584,77.68,1.1979889577742822,oats2016,2016
325,Middlesex,890.0,780.0,63.166666666666664,49.27,0.7598470127386571,oats2016,2016
326,Niagara,0.0,0.0,0.0,0.0,0.0,oats2016,2016
327,Oxford,0.0,0.0,0.0,0.0,2.59106751796675,oats2016,2016
329,Bruce,5630.0,4840.0,70.67561983471074,342.07,5.275438758829154,oats2016,2016
330,Dufferin,1040.0,960.0,50.9375,48.9,0.7541408346442121,oats2016,2016
331,Grey,2690.0,2500.0,77.604,194.01,2.992042194873693,oats2016,2016
332,Halton,690.0,720.0,58.30555555555556,41.98,0.6474198821751334,oats2016,2016
333,Huron,1810.0,1390.0,95.07194244604317,132.15,2.038030905894328,oats2016,2016
334,Peel,0.0,0.0,0.0,0.0,0.0,oats2016,2016
335,Perth,1120.0,570.0,98.45614035087719,56.12,0.8654884180006785,oats2016,2016
336,Simcoe,3750.0,1800.0,75.52777777777777,135.95,2.096634897134573,oats2016,2016
337,Waterloo,4640.0,4600.0,85.28695652173913,392.32,6.0503994324666115,oats2016,2016
338,Wellington,2030.0,1620.0,76.22839506172839,123.49,1.9044754942783997,oats2016,2016
340,Durham,2720.0,2550.0,164.57254901960783,419.66,6.47203972733722,oats2016,2016
341,Haliburton,0.0,0.0,0.0,0.0,0.0,oats2016,2016
342,Hastings,0.0,0.0,0.0,0.0,0.0,oats2016,2016
343,Kawartha Lakes,4670.0,3260.0,71.44171779141104,232.9,3.591807778908732,oats2016,2016
344,Muskoka,0.0,0.0,0.0,0.0,0.0,oats2016,2016
345,Northumberland,1920.0,1820.0,56.434065934065934,102.71,1.5840041948120045,oats2016,2016
346,Parry Sound,0.0,0.0,0.0,0.0,0.0,oats2016,2016
347,Peterborough,550.0,510.0,53.80392156862745,27.44,0.42318250516640454,oats2016,2016
348,Prince Edward,250.0,240.0,67.875,16.29,0.2512260571851578,oats2016,2016
349,York,0.0,0.0,0.0,0.0,0.0,oats2016,2016
351,Frontenac,0.0,0.0,0.0,0.0,0.0,oats2016,2016
352,Lanark,0.0,0.0,0.0,0.0,0.0,oats2016,2016
353,Leeds and Grenville,1220.0,500.0,75.22,37.61,0.580025292248851,oats2016,2016
354,Lennox and Addington,800.0,730.0,46.43835616438356,33.9,0.5228092902748218,oats2016,2016
355,Ottawa,0.0,0.0,0.0,0.0,0.0,oats2016,2016
356,Prescott and Russell,400.0,0.0,0.0,0.0,0.0,oats2016,2016
357,Renfrew,4240.0,3360.0,60.51190476190476,203.32,3.1356219734122943,oats2016,2016
358,"Stormont, Dundas and Glengarry",1030.0,1110.0,73.12612612612612,81.17,1.2518120970975604,oats2016,2016
360,Algoma,580.0,490.0,65.59183673469387,32.14,0.49566638906881344,oats2016,2016
361,Cochrane,0.0,0.0,0.0,0.0,0.0,oats2016,2016
362,Grand Sudbury,0.0,0.0,0.0,0.0,0.0,oats2016,2016
363,Kenora,0.0,0.0,0.0,0.0,0.0,oats2016,2016
364,Manitoulin,660.0,0.0,0.0,0.0,0.0,oats2016,2016
365,Nipissing,920.0,790.0,75.0379746835443,59.28,0.9142222633478302,oats2016,2016
366,Rainy River,1820.0,1347.0,55.84261321455085,75.22,1.160050584497702,oats2016,2016
367,Sudbury,460.0,420.0,70.11904761904762,29.45,0.4541809321119028,oats2016,2016
368,Thunder Bay,0.0,0.0,0.0,0.0,0.0,oats2016,2016
369,Timiskaming,11270.0,11150.0,108.78026905829596,1212.9,18.705468677708893,oats2016,2016
371,Brant,3705.6966897613547,3400.0,109.4291569086651,372.0,5.737022300360877,oats2015,2015
372,Chatham-Kent,0.0,0.0,0.0,0.0,0.0,oats2015,2015
373,Elgin,2403.6951501154736,2200.0,73.8361018826135,162.0,2.4983806791894145,oats2015,2015
374,Essex,1402.155504234026,1300.0,70.0,91.0,1.4034113691743006,oats2015,2015
375,Haldimand-Norfolk,6810.469591993841,6300.0,72.8444976076555,459.0,7.078745257703341,oats2015,2015
376,Hamilton,300.4618937644342,300.0,75.48019801980197,23.0,0.354708368033065,oats2015,2015
377,Lambton,3805.8506543494996,3500.0,96.04185623293904,336.0,5.181826593874341,oats2015,2015
378,Middlesex,5107.852193995382,4800.0,89.11782592170277,428.0,6.600660066006601,oats2015,2015
379,Niagara,500.76982294072366,500.0,85.25818181818182,43.0,0.6631504271922519,oats2015,2015
380,Oxford,1902.9253271747498,1800.0,89.89066666666666,162.0,2.4983806791894145,oats2015,2015
382,Bruce,8913.702848344881,7800.0,92.08767737117252,718.0,11.073069923814812,oats2015,2015
383,Dufferin,2203.387220939184,1900.0,76.25237341772151,145.0,2.2362049289041055,oats2015,2015
384,Grey,15624.018475750578,13600.0,87.12328302526709,1185.0,18.275192005181825,oats2015,2015
385,Halton,500.76982294072366,400.0,66.0,26.0,0.40097467690694305,oats2015,2015
386,Huron,3705.6966897613547,3200.0,93.07849462365591,298.0,4.5957866814718855,oats2015,2015
387,Peel,0.0,0.0,0.0,0.0,0.0,oats2015,2015
388,Perth,3405.2347959969206,3000.0,122.54806070826307,368.0,5.67533388852904,oats2015,2015
389,Simcoe,13120.16936104696,11500.0,105.27020691061054,1211.0,18.67616668208877,oats2015,2015
390,Waterloo,3705.6966897613547,3200.0,86.89756097560975,278.0,4.287344622312698,oats2015,2015
391,Wellington,7110.931485758276,6200.0,113.40642076502732,703.0,10.841738379445422,oats2015,2015
393,Durham,500.76982294072366,400.0,92.63664596273291,37.0,0.5706178094444959,oats2015,2015
394,Haliburton,0.0,0.0,0.0,0.0,0.0,oats2015,2015
395,Hastings,0.0,0.0,0.0,0.0,0.0,oats2015,2015
396,Kawartha Lakes,6309.699769053118,5600.0,88.33459767000812,495.0,7.633940964189877,oats2015,2015
397,Muskoka,0.0,0.0,0.0,0.0,0.0,oats2015,2015
398,Northumberland,1902.9253271747498,1700.0,55.0008445945946,94.0,1.4496776780481786,oats2015,2015
399,Parry Sound,400.61585835257887,400.0,62.0,25.0,0.3855525739489837,oats2015,2015
400,Peterborough,1502.3094688221709,1300.0,62.59254327563249,81.0,1.2491903395947073,oats2015,2015
401,Prince Edward,1101.693610469592,1000.0,77.47352024922118,77.0,1.1875019277628698,oats2015,2015
402,York,0.0,0.0,0.0,0.0,0.0,oats2015,2015
404,Frontenac,400.61585835257887,300.0,65.0,20.0,0.30844205915918693,oats2015,2015
405,Lanark,200.30792917628943,100.0,91.54347826086956,9.0,0.13879892662163412,oats2015,2015
406,Leeds and Grenville,1602.4634334103155,1200.0,85.92063492063492,103.0,1.5884766046698129,oats2015,2015
407,Lennox and Addington,300.4618937644342,200.0,62.0,12.0,0.18506523549551218,oats2015,2015
408,Ottawa,200.30792917628943,100.0,91.83760683760684,9.0,0.13879892662163412,oats2015,2015
409,Prescott and Russell,701.077752117013,500.0,74.41487603305785,37.0,0.5706178094444959,oats2015,2015
410,Renfrew,2804.311008468052,2100.0,66.43053040103493,140.0,2.1590944141143087,oats2015,2015
411,"Stormont, Dundas and Glengarry",1302.0015396458816,1000.0,77.68689422671723,78.0,1.202924030720829,oats2015,2015
413,Algoma,4907.544264819092,4400.0,88.96176226101413,391.0,6.030042256562105,oats2015,2015
414,Cochrane,4106.312548113934,3700.0,67.0,248.0,3.8246815335739184,oats2015,2015
415,Grand Sudbury,901.3856812933026,900.0,62.0,56.0,0.8636377656457235,oats2015,2015
416,Kenora,1201.8475750577368,1200.0,59.89824561403509,72.0,1.110391412973073,oats2015,2015
417,Manitoulin,2205.0,2000.0,62.86654804270463,126.0,1.9431849727028778,oats2015,2015
418,Nipissing,6610.161662817552,6000.0,76.07068223724647,456.0,7.032478948829462,oats2015,2015
419,Rainy River,6109.391839876828,5500.0,69.25,380.875,5.873893464112767,oats2015,2015
420,Sudbury,0.0,0.0,0.0,0.0,0.0,oats2015,2015
421,Thunder Bay,0.0,0.0,0.0,0.0,0.0,oats2015,2015
422,Timiskaming,500.76982294072366,500.0,89.86235437178833,45.0,0.6939946331081707,oats2015,2015
424,Brant,301.2912482065997,100.0,86.0,9.0,0.13879892662163412,oats2014,2014
425,Chatham-Kent,100.43041606886658,100.0,65.0,7.0,0.10795472070571543,oats2014,2014
426,Elgin,100.43041606886658,100.0,65.4,7.0,0.10795472070571543,oats2014,2014
427,Essex,903.8737446197991,400.0,65.0,26.0,0.40097467690694305,oats2014,2014
428,Haldimand-Norfolk,703.012912482066,300.0,70.0,21.0,0.3238641621171463,oats2014,2014
429,Hamilton,0.0,0.0,0.0,0.0,0.0,oats2014,2014
430,Lambton,903.8737446197991,400.0,55.8,22.0,0.3392862650751057,oats2014,2014
431,Middlesex,502.15208034433283,200.0,58.0,12.0,0.18506523549551218,oats2014,2014
432,Niagara,0.0,0.0,0.0,0.0,0.0,oats2014,2014
433,Oxford,200.86083213773315,100.0,54.0,5.0,1.6038987076277722,oats2014,2014
435,Bruce,4519.368723098995,3500.0,70.0,245.0,3.77841522470004,oats2014,2014
436,Dufferin,1205.1649928263987,900.0,75.0,68.0,1.0487030011412357,oats2014,2014
437,Grey,7733.142037302726,6100.0,74.0,451.0,6.9553684340396655,oats2014,2014
438,Halton,703.012912482066,600.0,69.0,41.0,0.6323062212763333,oats2014,2014
439,Huron,1807.7474892395983,1400.0,73.0,102.0,1.5730545017118533,oats2014,2014
440,Peel,200.86083213773315,200.0,58.0,12.0,0.18506523549551218,oats2014,2014
441,Perth,502.15208034433283,400.0,84.0,34.0,0.5243515005706179,oats2014,2014
442,Simcoe,2812.051649928264,2200.0,74.0,163.0,2.5138027821473736,oats2014,2014
443,Waterloo,3715.925394548063,2900.0,93.0,270.0,4.163967798649024,oats2014,2014
444,Wellington,4519.368723098995,3500.0,86.0,301.0,4.642052990345763,oats2014,2014
446,Durham,0.0,0.0,87.0,0.0,0.0,oats2014,2014
447,Haliburton,0.0,0.0,0.0,0.0,0.0,oats2014,2014
448,Hastings,301.2912482065997,200.0,58.0,12.0,0.18506523549551218,oats2014,2014
449,Kawartha Lakes,2711.6212338593973,1500.0,77.0,116.0,1.7889639431232842,oats2014,2014
450,Muskoka,0.0,0.0,0.0,0.0,0.0,oats2014,2014
451,Northumberland,502.15208034433283,300.0,57.0,17.0,0.26217575028530893,oats2014,2014
452,Parry Sound,602.5824964131994,300.0,56.0,17.0,0.26217575028530893,oats2014,2014
453,Peterborough,903.8737446197991,500.0,49.0,25.0,0.3855525739489837,oats2014,2014
454,Prince Edward,301.2912482065997,200.0,57.0,11.0,0.16964313253755284,oats2014,2014
455,York,0.0,0.0,0.0,0.0,0.0,oats2014,2014
457,Frontenac,0.0,0.0,0.0,0.0,0.0,oats2014,2014
458,Lanark,401.7216642754663,300.0,61.5,18.0,0.27759785324326824,oats2014,2014
459,Leeds and Grenville,502.15208034433283,300.0,60.0,18.0,0.27759785324326824,oats2014,2014
460,Lennox and Addington,602.5824964131994,400.0,55.0,22.0,0.3392862650751057,oats2014,2014
461,Ottawa,502.15208034433283,300.0,52.0,16.0,0.24675364732734956,oats2014,2014
462,Prescott and Russell,0.0,0.0,0.0,0.0,0.0,oats2014,2014
463,Renfrew,4218.077474892396,2800.0,62.0,174.0,2.6834459146849263,oats2014,2014
464,"Stormont, Dundas and Glengarry",602.5824964131994,400.0,78.0,31.0,0.4780851916967398,oats2014,2014
466,Algoma,903.8737446197991,700.0,90.0,63.0,0.9715924863514389,oats2014,2014
467,Cochrane,6025.824964131994,4800.0,89.5,430.0,6.63150427192252,oats2014,2014
468,Grand Sudbury,0.0,0.0,0.0,0.0,0.0,oats2014,2014
469,Kenora,0.0,0.0,0.0,0.0,0.0,oats2014,2014
470,Manitoulin,401.7216642754663,300.0,69.8,21.0,0.3238641621171463,oats2014,2014
471,Nipissing,1305.5954088952653,1000.0,64.0,64.0,0.9870145893093982,oats2014,2014
472,Rainy River,602.5824964131994,500.0,57.0,29.0,0.44724098578082105,oats2014,2014
473,Sudbury,1807.7474892395983,1500.0,62.0,93.0,1.4342555750902193,oats2014,2014
474,Thunder Bay,0.0,0.0,0.0,0.0,0.0,oats2014,2014
475,Timiskaming,15365.853658536585,12400.0,80.0,992.0,15.298726134295674,oats2014,2014
477,Brant,1423.8926502977404,1181.303532098866,74.78624521627896,88.34525562640226,1.362469628117613,oats2013,2013
478,Chatham-Kent,207.58218451749735,172.21633085896076,36.317778826123885,6.254514614382311,0.0964577683350654,oats2013,2013
479,Elgin,472.42841993637325,391.94061505832445,36.576628672687114,14.335866338732933,0.221089206667483,oats2013,2013
480,Essex,0.0,0.0,0.0,0.0,0.0,oats2013,2013
481,Haldimand-Norfolk,3506.872501835386,2909.405334856024,37.04376989220419,107.77534174755783,1.6621224167600912,oats2013,2013
482,Hamilton,1393.0581613508443,1155.7223264540337,58.17130673275807,67.22987795005434,1.036826099596779,oats2013,2013
483,Lambton,1670.5685618729096,1385.9531772575249,67.76425121408585,93.91807927463937,1.4484142881872764,oats2013,2013
484,Middlesex,2062.0564483236803,1710.7431274981643,48.31389431530783,82.6526626625855,1.274677873331876,oats2013,2013
485,Niagara,1589.6280283873073,1318.80251243984,60.78115239051501,80.15833648159997,1.2362101181579837,oats2013,2013
486,Oxford,1173.9130434782608,973.9130434782608,75.2942634818324,73.33006530404546,1.1309038170328716,oats2013,2013
488,Bruce,5869.475631374765,4870.415949438635,82.40059542431105,401.3251741978047,6.1892781560995145,oats2013,2013
489,Dufferin,399.92806309893894,331.85520129486423,88.23932447965409,29.28267878731845,0.4516004871428773,oats2013,2013
490,Grey,1575.5620070395396,1307.3812398838731,67.72483778260346,88.54218239115428,1.3655066529587965,oats2013,2013
491,Halton,827.8704108110885,686.9562983326053,75.22070619112212,51.67333788301774,0.7969115370133206,oats2013,2013
492,Huron,1011.8952804254554,839.6577858849523,68.27644443141132,57.32884815937581,0.8841313987751119,oats2013,2013
493,Peel,1387.1900932610538,1151.0726305783212,101.74328034044872,117.1139053451479,1.8061427060415765,oats2013,2013
494,Perth,857.8167150527966,711.805359299129,67.19231228226396,47.82784798621618,0.7376059959010546,oats2013,2013
495,Simcoe,1499.730236621021,1244.457004855741,73.53535276214895,91.51158484939421,1.4113010833933903,oats2013,2013
496,Waterloo,2471.0531048480334,2050.4483210441126,89.91423548434226,184.36449318683455,2.843288195719357,oats2013,2013
497,Wellington,2899.478457467307,2405.9502093877654,80.2302335520301,193.02994721373616,2.976927719899697,oats2013,2013
499,Durham,896.9666633296625,691.2403644008409,165.1762059325725,114.17646077917975,1.7608411335119174,oats2013,2013
500,Haliburton,0.0,0.0,0.0,0.0,0.0,oats2013,2013
501,Hastings,1172.4947442186406,903.573931324457,43.59120718906471,39.38787845100214,0.6074439167669433,oats2013,2013
502,Kawartha Lakes,2900.410451496646,2235.1786965662227,53.06676965356632,118.61371302523835,1.8292728945010697,oats2013,2013
503,Muskoka,0.0,0.0,0.0,0.0,0.0,oats2013,2013
504,Northumberland,2036.1797977775552,1569.1660826909601,47.886452088268484,75.1417964373166,1.1588445211023195,oats2013,2013
505,Parry Sound,1350.9059965962558,1041.0651716888578,18.49689804879611,19.256476342881218,0.29697536076742265,oats2013,2013
506,Peterborough,1124.4819301231355,866.573230553609,77.10685733950213,66.81873846252861,1.0304854640900745,oats2013,2013
507,Prince Edward,1259.2451696866553,970.427470217239,25.0940446732409,24.35195028977155,0.37555828459596485,oats2013,2013
508,York,159.31524677144859,122.7750525578136,34.64047559726412,4.252986212081762,0.06558999124150647,oats2013,2013
510,Frontenac,624.9191113028472,413.90746333045723,51.90670962473357,21.4845745106041,0.3313373201104855,oats2013,2013
511,Lanark,696.338438308887,461.2111734253667,48.42335163973816,22.33339083095279,0.3444278527952992,oats2013,2013
512,Leeds and Grenville,999.8705780845556,662.2519413287316,28.73288161390066,19.02840662877433,0.29345804615487386,oats2013,2013
513,Lennox and Addington,1406.7946505608284,931.7730802415876,68.79746979487403,64.10363034359736,0.9886127871379254,oats2013,2013
514,Ottawa,481.665228645384,319.02502157031927,38.82066739401027,12.384764252748317,0.190999109415939,oats2013,2013
515,Prescott and Russell,650.6632873166523,430.9588006902502,81.78553898461573,35.246197794615696,0.543570491265163,oats2013,2013
516,Renfrew,1938.7025452976704,1284.075711820535,55.15035651464146,70.81723329869452,1.092150663130294,oats2013,2013
517,"Stormont, Dundas and Glengarry",901.0461604831752,596.7968075927524,51.27675274177272,30.601802340012874,0.4719441463867998,oats2013,2013
519,Algoma,2308.858008806542,1798.4788700177273,68.9091438160677,123.93163910421049,1.911286498013795,oats2013,2013
520,Cochrane,1974.7526734145365,1538.2283982386916,96.02099848058151,147.70222669006475,2.2778789471340297,oats2013,2013
521,Grand Sudbury,1433.1217475839194,1116.326413907474,83.55932182006637,93.27947807593524,1.438565714751785,oats2013,2013
522,Kenora,683.4219706067364,532.3497455252473,39.558690477380445,21.0590588089455,0.3247749731492783,oats2013,2013
523,Manitoulin,827.3860582146738,644.4901927145879,16.173163751855107,10.423445423237686,0.16075144849384174,oats2013,2013
524,Nipissing,1220.163550065763,950.4431863670154,85.79942450286624,81.54747841296036,1.257633608046642,oats2013,2013
525,Rainy River,0.0,0.0,0.0,0.0,0.0,oats2013,2013
526,Sudbury,0.0,0.0,0.0,0.0,0.0,oats2013,2013
527,Thunder Bay,0.0,0.0,0.0,0.0,0.0,oats2013,2013
528,Timiskaming,8184.765826042203,6375.501801338137,90.88986117190908,579.4684736248795,8.936622461134442,oats2013,2013
530,Brant,321.54156630427707,218.82689929041078,50.42587188629616,11.034537188893687,0.17017576862054976,oats2012,2012
531,Chatham-Kent,560.1197838682377,381.19263068810625,0.0,0.0,0.0,oats2012,2012
532,Elgin,938.84512727036,638.9362671701061,129.24228356002985,82.57758221838584,1.2735199749912995,oats2012,2012
533,Essex,362.78888093223094,246.89798841221273,113.33608751227784,27.982452021291902,0.4315482560885214,oats2012,2012
534,Haldimand-Norfolk,1008.6843304472366,686.4657248877027,49.50802388203983,33.985561501942165,0.5241288285670116,oats2012,2012
535,Hamilton,236.23462014191782,160.7707831521385,130.40629084861095,20.965521507696735,0.3233324312590101,oats2012,2012
536,Lambton,925.2522622225115,629.6855673458759,25.448919237828967,16.02481714861171,0.24713637994836232,oats2012,2012
537,Middlesex,1369.1296139574247,931.7687650543585,83.42951973502178,77.73702057257948,1.1988683349153246,oats2012,2012
538,Niagara,876.9741553284291,596.8296334874032,83.06574205996615,49.576096389008775,0.76456766276501,oats2012,2012
539,Oxford,600.4296595273745,408.6257405116854,60.48667276965849,24.7164114515897,0.3811790421577018,oats2012,2012
541,Bruce,4816.1366843885935,3122.661511197036,60.71499157238673,189.59236733574443,2.9239130090950995,oats2012,2012
542,Dufferin,1749.958047365877,1134.6286450781377,78.33248636367085,88.87828286841356,1.3706900291233084,oats2012,2012
543,Grey,3267.2887385210247,2118.427581762526,81.22331464029348,172.0657100161737,2.653615095403808,oats2012,2012
544,Halton,755.6637022716287,489.9532785564685,69.98780480549706,34.290754423423444,0.5288355452241362,oats2012,2012
545,Huron,1316.9710004833253,853.890768487192,88.10456961773295,75.23167865811929,1.1602306939656286,oats2012,2012
546,Peel,0.0,0.0,0.0,0.0,0.0,oats2012,2012
547,Perth,1332.729627839536,864.1082648622524,88.20255833172358,76.21655963643728,1.1754196298145845,oats2012,2012
548,Simcoe,5925.243885935235,3841.778637022717,77.32486201139722,297.06500298611525,4.58136706125837,oats2012,2012
549,Waterloo,1536.090961817303,995.9626228451748,29.314628359284495,29.19627414844453,0.4502679459061184,oats2012,2012
550,Wellington,2588.9173513774767,1678.5886901884967,72.47956014374574,121.66336992712853,1.8763050172284712,oats2012,2012
552,Durham,2043.7767707492706,1774.8587745980508,72.89285255507124,129.37451896285015,1.995227151581539,oats2012,2012
553,Haliburton,223.62654416785648,194.2019988826122,71.2203794054912,13.83114004172442,0.21330526574942815,oats2012,2012
554,Hastings,492.54454031907625,427.7360481718294,74.96810805127713,32.06656227677199,0.49453382494019293,oats2012,2012
555,Kawartha Lakes,1256.8377925383325,1091.4643987832887,68.21164223319585,74.45057908007588,1.1481844958526246,oats2012,2012
556,Muskoka,159.46365385809176,138.4815941399218,78.1769193903674,10.826064422126242,0.16696068014753157,oats2012,2012
557,Northumberland,900.1676081693463,781.7245018312744,75.00937342586604,58.63666507401117,0.9043006858827792,oats2012,2012
558,Parry Sound,46.235023899683405,40.15146812340927,0.0,0.0,0.0,oats2012,2012
559,Peterborough,979.4276491402321,850.5555900428332,43.23534262787766,36.774062359558535,0.5671333758915292,oats2012,2012
560,Prince Edward,1423.3782357688249,1236.0916257992428,74.13722888352066,91.64040778288164,1.4132878039369798,oats2012,2012
561,York,74.54218138928549,64.7339996275374,0.0,0.0,0.0,oats2012,2012
563,Frontenac,1108.3640121423498,860.4404831105084,69.78864195646305,60.048972800645366,0.9260814410512533,oats2012,2012
564,Lanark,1269.3664018601048,985.4291803913972,74.30538532394567,73.22269495844273,1.1292479405083546,oats2012,2012
565,Leeds and Grenville,821.701220693664,637.8996318542918,82.06668985052421,52.35031124314974,0.807351889873072,oats2012,2012
566,Lennox and Addington,284.2084867273784,220.63553574888584,104.39983329588539,23.034313151332043,0.3552375489857198,oats2012,2012
567,Ottawa,596.3960472776594,462.9916682813408,47.68005419249812,22.075467834329444,0.3404501377861486,oats2012,2012
568,Prescott and Russell,172.29219143576825,133.75314861460956,49.95083500943497,6.681081458440797,0.10303632612258717,oats2012,2012
569,Renfrew,2778.2729445197956,2156.8171542982623,45.77612021976456,98.73072134720775,1.5226353497302327,oats2012,2012
570,"Stormont, Dundas and Glengarry",569.3986953432798,442.033197700704,96.04807382634401,42.45643720645214,0.6547675458260408,oats2012,2012
572,Algoma,356.33638002466876,328.204560549037,60.803191499704475,19.95588474613945,0.307761709172133,oats2012,2012
573,Cochrane,1991.3975774059902,1834.1819791897278,65.49013078264832,120.120817696312,1.852515617906789,oats2012,2012
574,Grand Sudbury,204.30753660773587,188.17799424396725,64.80535458851408,12.194941642735657,0.1880716455805752,oats2012,2012
575,Kenora,355.7354755052342,327.6510958600841,0.0,0.0,0.0,oats2012,2012
576,Manitoulin,288.43416932856826,265.6630506973655,152.54183464681003,40.52472915124464,0.6249765453139114,oats2012,2012
577,Nipissing,1539.517378791233,1417.9765330971884,97.51487496342176,138.2738043260386,2.132472846704892,oats2012,2012
578,Rainy River,0.0,0.0,0.0,0.0,0.0,oats2012,2012
579,Sudbury,0.0,0.0,0.0,0.0,0.0,oats2012,2012
580,Thunder Bay,942.218286473323,867.8326322780606,52.02268618805309,45.14698469275362,0.696261446173061,oats2012,2012
581,Timiskaming,12460.957019513582,11477.19725481514,76.44116389454338,877.3303164053275,13.530278467742011,oats2012,2012
583,Brant,359.0,359.0,70.49706615049702,25.30844674802843,0.39030947145412587,oats2011,2011
584,Chatham-Kent,296.0,0.0,0.0,0.0,0.0,oats2011,2011
585,Elgin,450.0,0.0,0.0,0.0,0.0,oats2011,2011
586,Essex,165.0,0.0,0.0,0.0,0.0,oats2011,2011
587,Haldimand-Norfolk,1363.0,196.78438128050527,25.034917032148723,4.92648065858017,0.07597669193701875,oats2011,2011
588,Hamilton,299.0,250.9331036462819,70.09254237309766,17.58853920013992,0.27125226242466177,oats2011,2011
589,Lambton,1390.0,100.37324145851275,43.8,4.4,0.06785725301502113,oats2011,2011
590,Middlesex,1245.0,268.1022107378696,67.1,18.0,0.27759785324326824,oats2011,2011
591,Niagara,790.0,0.0,0.0,0.0,0.0,oats2011,2011
592,Oxford,1125.0,1125.0,70.2020859310107,78.97734667238704,1.2179967717280011,oats2011,2011
594,Bruce,2713.0,958.8285960378985,65.18759824816651,62.503733307372066,0.9639390103231249,oats2011,2011
595,Dufferin,747.0,285.2713178294574,69.74879962016578,19.897331984667453,0.3068587024562391,oats2011,2011
596,Grey,3177.0,3177.0,59.87365325855399,190.21859640242604,2.93357077823673,oats2011,2011
597,Halton,172.0,0.0,0.0,0.0,0.0,oats2011,2011
598,Huron,1751.0,607.5222509331037,43.61159486875338,26.49501428144765,0.40860883812108895,oats2011,2011
599,Peel,278.0,0.0,0.0,0.0,0.0,oats2011,2011
600,Perth,1084.0,190.1808785529716,69.88299421905019,13.290409236491202,0.2049660595985812,oats2011,2011
601,Simcoe,3239.0,3056.101062302613,81.60804182321998,249.40242330837864,3.8463098502263757,oats2011,2011
602,Waterloo,1318.0,1318.0,88.7773815766023,117.00858891796183,1.8045185052583486,oats2011,2011
603,Wellington,2559.0,1331.2661498708012,60.603735181904625,80.6797012034038,1.24425065857629,oats2011,2011
605,Durham,2012.0,103.01464254952627,35.14973010779403,3.620936882766723,0.05584246141030078,oats2011,2011
606,Haliburton,22.0,0.0,0.0,0.0,0.0,oats2011,2011
607,Hastings,1974.0,0.0,0.0,0.0,0.0,oats2011,2011
608,Kawartha Lakes,2754.0,2754.0,80.74624384581523,222.37515555137514,3.429492544205533,oats2011,2011
609,Muskoka,140.0,0.0,0.0,0.0,0.0,oats2011,2011
610,Northumberland,1780.0,1343.1524547803617,50.32874859399752,67.59918222005145,1.0425215480714884,oats2011,2011
611,Parry Sound,854.0,854.0,44.394513867137924,37.912914842535784,0.584696876137932,oats2011,2011
612,Peterborough,1957.0,635.2569623887454,48.91198316760633,31.071677851463043,0.47919061490180814,oats2011,2011
613,Prince Edward,658.0,404.1343669250646,56.60017872947261,22.87407739868092,0.3527663767107881,oats2011,2011
614,York,466.0,466.0,60.691777862452525,28.282368483902875,0.43617359865369476,oats2011,2011
616,Frontenac,541.0,0.0,0.0,0.0,0.0,oats2011,2011
617,Lanark,745.0,538.8458225667528,49.919574185009665,26.89895401390357,0.4148384382638347,oats2011,2011
618,Leeds and Grenville,1550.0,489.9799023830031,65.19230739119836,31.9429204116621,0.4926270073665541,oats2011,2011
619,Lennox and Addington,983.0,983.0,75.23370452111587,73.95473154425689,1.1405374841037736,oats2011,2011
620,Ottawa,1439.0,707.8954923916164,39.999383398821266,28.315383206469626,0.43668275510424764,oats2011,2011
621,Prescott and Russell,1108.0,1108.0,70.62701959601661,78.2547377123864,1.2068526219485272,oats2011,2011
622,Renfrew,3810.0,2543.6692506459945,57.09606098329418,145.2334946562139,2.2398059075323697,oats2011,2011
623,"Stormont, Dundas and Glengarry",1702.0,1147.688774045363,79.4691883989672,91.20589540799065,1.4065867093549036,oats2011,2011
625,Algoma,1014.0,631.2948607522252,31.012253697001313,19.577876379261124,0.3019320252191654,oats2011,2011
626,Cochrane,892.0,269.42291128337644,40.57358726270453,10.931454001527975,0.16858600909176114,oats2011,2011
627,Grand Sudbury,477.0,0.0,0.0,0.0,0.0,oats2011,2011
628,Kenora,372.0,0.0,0.0,0.0,0.0,oats2011,2011
629,Manitoulin,428.0,0.0,0.0,0.0,0.0,oats2011,2011
630,Nipissing,2659.0,1847.6600631639392,70.66787931302568,130.57021835516665,2.0136673507166134,oats2011,2011
631,Rainy River,2529.0,1641.6307780648867,80.9497320781365,132.88957165557537,2.0494366561113995,oats2011,2011
632,Sudbury,642.0,328.85443583118007,84.12813836568802,27.665911479775787,0.42666653526689163,oats2011,2011
633,Thunder Bay,444.0,0.0,0.0,0.0,0.0,oats2011,2011
634,Timiskaming,12568.0,9828.653459661213,79.43673089501661,780.7560999354818,12.040900958259797,oats2011,2011
636,Brant,500.0,400.0,50.0,20.0,0.30844205915918693,oats201,2010
637,Chatham-Kent,400.0,300.0,75.0,23.0,0.354708368033065,oats201,2010
638,Elgin,1100.0,800.0,65.0,52.0,0.8019493538138861,oats201,2010
639,Essex,500.0,400.0,63.0,25.0,0.3855525739489837,oats201,2010
640,Haldimand-Norfolk,1400.0,1000.0,51.0,51.0,0.7865272508559267,oats201,2010
641,Hamilton,800.0,600.0,64.0,38.0,0.5860399124024552,oats201,2010
642,Lambton,1800.0,1300.0,81.0,105.0,1.6193208105857315,oats201,2010
643,Middlesex,2600.0,1900.0,69.0,131.0,2.0202954874926746,oats201,2010
644,Niagara,1800.0,1300.0,52.0,68.0,1.0487030011412357,oats201,2010
645,Oxford,1000.0,700.0,57.0,40.0,0.6168841183183739,oats201,2010
647,Bruce,3200.0,2500.0,72.0,180.0,2.7759785324326827,oats201,2010
648,Dufferin,600.0,500.0,63.0,32.0,0.4935072946546991,oats201,2010
649,Grey,5000.0,3900.0,69.0,269.0,4.148545695691064,oats201,2010
650,Halton,1600.0,1200.0,87.0,104.0,1.6038987076277722,oats201,2010
651,Huron,3900.0,3000.0,81.0,243.0,3.7475710187841216,oats201,2010
652,Peel,200.0,200.0,68.0,14.0,0.21590944141143087,oats201,2010
653,Perth,1000.0,800.0,66.0,53.0,0.8173714567718454,oats201,2010
654,Simcoe,2400.0,1900.0,63.0,120.0,1.8506523549551217,oats201,2010
655,Waterloo,1200.0,900.0,90.0,81.0,1.2491903395947073,oats201,2010
656,Wellington,1500.0,1200.0,78.0,94.0,1.4496776780481786,oats201,2010
658,Durham,2200.0,1700.0,84.0,143.0,2.205360722988187,oats201,2010
659,Haliburton,0.0,0.0,0.0,0.0,0.0,oats201,2010
660,Hastings,1600.0,1200.0,79.0,95.0,1.4650997810061381,oats201,2010
661,Kawartha Lakes,2000.0,1500.0,77.0,116.0,1.7889639431232842,oats201,2010
662,Muskoka,0.0,0.0,0.0,0.0,0.0,oats201,2010
663,Northumberland,2600.0,2000.0,68.0,136.0,2.0974060022824714,oats201,2010
664,Parry Sound,300.0,200.0,45.0,9.0,0.13879892662163412,oats201,2010
665,Peterborough,2100.0,1600.0,78.0,125.0,1.9277628697449185,oats201,2010
666,Prince Edward,1400.0,1100.0,82.0,90.0,1.3879892662163413,oats201,2010
667,York,400.0,300.0,76.0,23.0,0.354708368033065,oats201,2010
669,Frontenac,300.0,200.0,61.0,12.0,0.18506523549551218,oats201,2010
670,Lanark,500.0,400.0,62.0,25.0,0.3855525739489837,oats201,2010
671,Leeds and Grenville,2200.0,1800.0,71.0,128.0,1.9740291786187965,oats201,2010
672,Lennox and Addington,1000.0,800.0,61.0,49.0,0.755683044940008,oats201,2010
673,Ottawa,600.0,500.0,62.0,31.0,0.4780851916967398,oats201,2010
674,Prescott and Russell,600.0,500.0,61.0,31.0,0.4780851916967398,oats201,2010
675,Renfrew,6000.0,4900.0,70.0,343.0,5.289781314580056,oats201,2010
676,"Stormont, Dundas and Glengarry",1200.0,1000.0,62.0,62.0,0.9561703833934796,oats201,2010
678,Algoma,400.0,400.0,73.0,29.0,0.44724098578082105,oats201,2010
679,Cochrane,800.0,700.0,72.0,50.0,0.7711051478979674,oats201,2010
680,Grand Sudbury,300.0,300.0,71.0,21.0,0.3238641621171463,oats201,2010
681,Kenora,200.0,200.0,60.0,12.0,0.18506523549551218,oats201,2010
682,Manitoulin,300.0,300.0,60.0,18.0,0.27759785324326824,oats201,2010
683,Nipissing,1000.0,900.0,66.0,59.0,0.9099040745196015,oats201,2010
684,Rainy River,2800.0,2600.0,45.0,117.0,1.8043860460812438,oats201,2010
685,Sudbury,500.0,500.0,55.0,28.0,0.43181888282286174,oats201,2010
686,Thunder Bay,200.0,200.0,41.0,8.0,0.12337682366367478,oats201,2010
687,Timiskaming,21000.0,19400.0,72.0,1397.0,21.54467783226921,oats201,2010
689,Brant,800.0,700.0,42.0,29.0,0.44724098578082105,oats2009,2009
690,Chatham-Kent,0.0,0.0,0.0,0.0,0.0,oats2009,2009
691,Elgin,400.0,400.0,69.0,28.0,0.43181888282286174,oats2009,2009
692,Essex,500.0,500.0,80.0,40.0,0.6168841183183739,oats2009,2009
693,Haldimand-Norfolk,1900.0,1700.0,54.0,92.0,1.41883347213226,oats2009,2009
694,Hamilton,2300.0,2100.0,57.0,120.0,1.8506523549551217,oats2009,2009
695,Lambton,1800.0,1600.0,48.0,77.0,1.1875019277628698,oats2009,2009
696,Middlesex,1900.0,1700.0,62.0,105.0,1.6193208105857315,oats2009,2009
697,Niagara,2900.0,2600.0,48.0,125.0,1.9277628697449185,oats2009,2009
698,Oxford,2300.0,2100.0,57.0,120.0,1.8506523549551217,oats2009,2009
700,Bruce,3500.0,3200.0,83.0,266.0,4.1022793868171865,oats2009,2009
701,Dufferin,600.0,600.0,81.0,49.0,0.755683044940008,oats2009,2009
702,Grey,3700.0,3400.0,72.0,245.0,3.77841522470004,oats2009,2009
703,Halton,0.0,0.0,0.0,0.0,0.0,oats2009,2009
704,Huron,3400.0,3200.0,75.0,240.0,3.7013047099102434,oats2009,2009
705,Peel,1400.0,1300.0,75.0,98.0,1.511366089880016,oats2009,2009
706,Perth,1600.0,1500.0,85.0,128.0,1.9740291786187965,oats2009,2009
707,Simcoe,5800.0,5400.0,79.0,427.0,6.585237963048641,oats2009,2009
708,Waterloo,1000.0,900.0,90.0,81.0,1.2491903395947073,oats2009,2009
709,Wellington,3700.0,3400.0,89.0,303.0,4.672897196261682,oats2009,2009
711,Durham,3000.0,2600.0,63.0,164.0,2.529224885105333,oats2009,2009
712,Haliburton,0.0,0.0,0.0,0.0,0.0,oats2009,2009
713,Hastings,1500.0,1300.0,67.0,87.0,1.3417229573424632,oats2009,2009
714,Kawartha Lakes,9500.0,8400.0,64.0,538.0,8.297091391382128,oats2009,2009
715,Muskoka,0.0,0.0,0.0,0.0,0.0,oats2009,2009
716,Northumberland,4400.0,3900.0,71.0,277.0,4.27192251935474,oats2009,2009
717,Parry Sound,800.0,700.0,53.0,37.0,0.5706178094444959,oats2009,2009
718,Peterborough,600.0,500.0,57.0,29.0,0.44724098578082105,oats2009,2009
719,Prince Edward,1300.0,1100.0,80.0,88.0,1.3571450603004227,oats2009,2009
720,York,1200.0,1100.0,67.0,74.0,1.1412356188889918,oats2009,2009
722,Frontenac,400.0,300.0,47.0,14.0,0.21590944141143087,oats2009,2009
723,Lanark,600.0,400.0,59.0,24.0,0.37013047099102436,oats2009,2009
724,Leeds and Grenville,1300.0,1000.0,46.0,46.0,0.70941673606613,oats2009,2009
725,Lennox and Addington,100.0,100.0,60.0,6.0,0.09253261774775609,oats2009,2009
726,Ottawa,0.0,0.0,0.0,0.0,0.0,oats2009,2009
727,Prescott and Russell,700.0,500.0,62.0,31.0,0.4780851916967398,oats2009,2009
728,Renfrew,3400.0,2500.0,60.0,150.0,2.3133154436939023,oats2009,2009
729,"Stormont, Dundas and Glengarry",1200.0,900.0,57.0,51.0,0.7865272508559267,oats2009,2009
731,Algoma,500.0,400.0,43.0,17.0,0.26217575028530893,oats2009,2009
732,Cochrane,100.0,100.0,77.0,8.0,0.12337682366367478,oats2009,2009
733,Grand Sudbury,0.0,0.0,0.0,0.0,0.0,oats2009,2009
734,Kenora,0.0,0.0,0.0,0.0,0.0,oats2009,2009
735,Manitoulin,900.0,800.0,65.0,52.0,0.8019493538138861,oats2009,2009
736,Nipissing,1400.0,1200.0,78.0,94.0,1.4496776780481786,oats2009,2009
737,Rainy River,1300.0,1100.0,77.0,85.0,1.3108787514265445,oats2009,2009
738,Sudbury,1300.0,1100.0,78.0,86.0,1.3263008543845038,oats2009,2009
739,Thunder Bay,0.0,0.0,0.0,0.0,0.0,oats2009,2009
740,Timiskaming,10000.0,8700.0,74.0,644.0,9.93183430492582,oats2009,2009
742,Brant,1500.0,1400.0,73.0,102.2,1.5761389223034454,oats2008,2008
743,Chatham-Kent,400.0,400.0,81.0,32.4,0.49967613583788284,oats2008,2008
744,Elgin,700.0,700.0,76.0,53.2,0.8204558773634374,oats2008,2008
745,Essex,500.0,500.0,51.0,25.5,0.39326362542796334,oats2008,2008
746,Haldimand-Norfolk,3800.0,3500.0,80.0,280.0,4.318188828228617,oats2008,2008
747,Hamilton,200.0,200.0,68.0,13.6,0.20974060022824711,oats2008,2008
748,Lambton,3800.0,3500.0,82.0,287.0,4.426143548934332,oats2008,2008
749,Middlesex,3800.0,3500.0,83.0,290.5,4.480120909287191,oats2008,2008
750,Niagara,5000.0,4600.0,73.0,335.8,5.178742173282749,oats2008,2008
751,Oxford,3100.0,2900.0,72.0,208.8,3.220135097621912,oats2008,2008
753,Bruce,1700.0,1500.0,78.0,117.0,1.8043860460812438,oats2008,2008
754,Dufferin,200.0,200.0,72.0,14.4,0.22207828259461462,oats2008,2008
755,Grey,2400.0,2200.0,72.0,158.4,2.4428611085407606,oats2008,2008
756,Halton,700.0,600.0,78.0,46.8,0.7217544184324974,oats2008,2008
757,Huron,900.0,800.0,102.0,81.6,1.2584436013694826,oats2008,2008
758,Peel,500.0,500.0,71.0,35.5,0.5474846550075568,oats2008,2008
759,Perth,1300.0,1200.0,78.0,93.6,1.4435088368649949,oats2008,2008
760,Simcoe,9300.0,8400.0,67.0,562.8,8.67955954473952,oats2008,2008
761,Waterloo,1200.0,1100.0,29.0,31.9,0.4919650843589032,oats2008,2008
762,Wellington,900.0,800.0,62.0,49.6,0.7649363067147836,oats2008,2008
764,Durham,2300.0,2000.0,67.0,134.0,2.066561796366553,oats2008,2008
765,Haliburton,0.0,0.0,0.0,0.0,0.0,oats2008,2008
766,Hastings,1600.0,1400.0,62.0,86.8,1.3386385367508713,oats2008,2008
767,Kawartha Lakes,2500.0,2100.0,76.0,159.6,2.4613676320903117,oats2008,2008
768,Muskoka,0.0,0.0,0.0,0.0,0.0,oats2008,2008
769,Northumberland,2400.0,2000.0,53.0,106.0,1.6347429135436908,oats2008,2008
770,Parry Sound,600.0,500.0,62.0,31.0,0.4780851916967398,oats2008,2008
771,Peterborough,2100.0,1800.0,72.0,129.6,1.9987045433515314,oats2008,2008
772,Prince Edward,1300.0,1100.0,47.0,51.7,0.7973227229264983,oats2008,2008
773,York,200.0,200.0,40.0,8.0,0.12337682366367478,oats2008,2008
775,Frontenac,800.0,600.0,50.0,30.0,0.4626630887387804,oats2008,2008
776,Lanark,100.0,100.0,47.0,4.7,0.07248388390240894,oats2008,2008
777,Leeds and Grenville,300.0,200.0,45.0,9.0,0.13879892662163412,oats2008,2008
778,Lennox and Addington,0.0,0.0,0.0,0.0,0.0,oats2008,2008
779,Ottawa,800.0,600.0,47.0,28.2,0.4349033034144536,oats2008,2008
780,Prescott and Russell,1000.0,800.0,55.0,44.0,0.6785725301502114,oats2008,2008
781,Renfrew,4700.0,3700.0,47.0,173.9,2.6819037043891307,oats2008,2008
782,"Stormont, Dundas and Glengarry",1100.0,900.0,39.0,35.1,0.5413158138243731,oats2008,2008
784,Algoma,300.0,200.0,67.0,13.4,0.20665617963665525,oats2008,2008
785,Cochrane,800.0,600.0,68.0,40.8,0.6292218006847413,oats2008,2008
786,Grand Sudbury,0.0,0.0,0.0,0.0,0.0,oats2008,2008
787,Kenora,300.0,200.0,67.0,13.4,0.20665617963665525,oats2008,2008
788,Manitoulin,1600.0,1200.0,67.0,80.4,1.2399370778199317,oats2008,2008
789,Nipissing,1900.0,1400.0,64.0,89.6,1.3818204250331574,oats2008,2008
790,Rainy River,400.0,300.0,69.0,20.7,0.3192375312297585,oats2008,2008
791,Sudbury,600.0,500.0,55.0,27.5,0.4241078313438821,oats2008,2008
792,Thunder Bay,0.0,0.0,0.0,0.0,0.0,oats2008,2008
793,Timiskaming,5400.0,4100.0,64.0,262.4,4.0467598161685325,oats2008,2008
795,Brant,1300.0,1200.0,40.0,48.0,0.7402609419820487,oats2007,2007
796,Chatham-Kent,1100.0,1000.0,40.0,40.0,0.6168841183183739,oats2007,2007
797,Elgin,1700.0,1500.0,62.0,93.0,1.4342555750902193,oats2007,2007
798,Essex,600.0,500.0,40.0,20.0,0.30844205915918693,oats2007,2007
799,Haldimand-Norfolk,6500.0,5800.0,40.0,232.0,3.5779278862465684,oats2007,2007
800,Hamilton,1700.0,1500.0,62.0,93.0,1.4342555750902193,oats2007,2007
801,Lambton,2800.0,2500.0,52.0,130.0,2.004873384534715,oats2007,2007
802,Middlesex,4200.0,3800.0,60.0,228.0,3.516239474414731,oats2007,2007
803,Niagara,1400.0,1300.0,40.0,52.0,0.8019493538138861,oats2007,2007
804,Oxford,2600.0,2300.0,64.0,147.2,2.2701335554116158,oats2007,2007
806,Bruce,4500.0,4100.0,68.0,278.8,4.299682304679067,oats2007,2007
807,Dufferin,900.0,800.0,66.0,52.8,0.8142870361802536,oats2007,2007
808,Grey,4900.0,4400.0,70.0,308.0,4.750007711051479,oats2007,2007
809,Halton,700.0,600.0,62.0,37.2,0.5737022300360878,oats2007,2007
810,Huron,2300.0,2100.0,77.0,161.7,2.4937540483020264,oats2007,2007
811,Peel,600.0,500.0,62.0,31.0,0.4780851916967398,oats2007,2007
812,Perth,3000.0,2700.0,82.0,221.4,3.4144535948921995,oats2007,2007
813,Simcoe,4900.0,4400.0,68.0,299.2,4.614293205021436,oats2007,2007
814,Waterloo,2000.0,1800.0,67.0,120.6,1.8599056167298973,oats2007,2007
815,Wellington,1400.0,1300.0,82.0,106.6,1.6439961753184664,oats2007,2007
817,Durham,4200.0,3800.0,67.0,254.6,3.9264674130964496,oats2007,2007
818,Haliburton,0.0,0.0,0.0,0.0,0.0,oats2007,2007
819,Hastings,2600.0,2300.0,61.0,140.3,2.163721045001697,oats2007,2007
820,Kawartha Lakes,2500.0,2300.0,69.0,158.7,2.4474877394281482,oats2007,2007
821,Muskoka,100.0,100.0,43.0,4.3,0.0663150427192252,oats2007,2007
822,Northumberland,4100.0,3700.0,58.0,214.6,3.309583294778076,oats2007,2007
823,Parry Sound,500.0,500.0,43.0,21.5,0.33157521359612596,oats2007,2007
824,Peterborough,1700.0,1500.0,59.0,88.5,1.3648561117794022,oats2007,2007
825,Prince Edward,1600.0,1400.0,52.0,72.8,1.1227290953394404,oats2007,2007
826,York,400.0,400.0,67.0,26.8,0.4133123592733105,oats2007,2007
828,Frontenac,900.0,800.0,43.0,34.4,0.5305203417538016,oats2007,2007
829,Lanark,800.0,700.0,49.0,34.3,0.5289781314580055,oats2007,2007
830,Leeds and Grenville,1900.0,1700.0,70.0,119.0,1.8352302519971624,oats2007,2007
831,Lennox and Addington,1400.0,1300.0,72.0,93.6,1.4435088368649949,oats2007,2007
832,Ottawa,1800.0,1600.0,71.0,113.6,1.7519508960241819,oats2007,2007
833,Prescott and Russell,2800.0,2500.0,56.0,140.0,2.1590944141143087,oats2007,2007
834,Renfrew,4700.0,4200.0,57.0,239.4,3.692051448135468,oats2007,2007
835,"Stormont, Dundas and Glengarry",1700.0,1500.0,74.0,111.0,1.7118534283334876,oats2007,2007
837,Algoma,1300.0,1200.0,60.0,72.0,1.110391412973073,oats2007,2007
838,Cochrane,900.0,800.0,77.0,61.6,0.9500015422102959,oats2007,2007
839,Grand Sudbury,300.0,300.0,67.0,20.1,0.3099842694549829,oats2007,2007
840,Kenora,100.0,100.0,75.0,7.5,0.1156657721846951,oats2007,2007
841,Manitoulin,500.0,500.0,76.0,38.0,0.5860399124024552,oats2007,2007
842,Nipissing,1800.0,1600.0,72.0,115.2,1.776626260756917,oats2007,2007
843,Rainy River,2300.0,2100.0,60.0,126.0,1.9431849727028778,oats2007,2007
844,Sudbury,400.0,400.0,59.0,23.6,0.36396162980784064,oats2007,2007
845,Thunder Bay,100.0,100.0,50.0,5.0,0.07711051478979673,oats2007,2007
846,Timiskaming,9500.0,8500.0,78.0,663.0,10.224854261127048,oats2007,2007
848,Brant,1468.0,1200.0,73.0,87.6,1.3509762191172388,oats2006,2006
849,Chatham-Kent,895.0,700.0,81.0,56.7,0.8744332377162951,oats2006,2006
850,Elgin,2201.0,1800.0,76.0,136.8,2.109743684648839,oats2006,2006
851,Essex,654.0,500.0,81.0,40.5,0.6245951697973536,oats2006,2006
852,Haldimand-Norfolk,5792.0,4800.0,49.0,235.2,3.6272786157120382,oats2006,2006
853,Hamilton,2222.0,1900.0,50.0,95.0,1.4650997810061381,oats2006,2006
854,Lambton,2765.0,2300.0,70.0,161.0,2.482958576231455,oats2006,2006
855,Middlesex,4088.0,3400.0,79.0,268.6,4.142376854507881,oats2006,2006
856,Niagara,2642.0,2200.0,71.0,156.2,2.40893248203325,oats2006,2006
857,Oxford,2690.0,2200.0,73.0,160.6,2.4767897350482713,oats2006,2006
859,Bruce,5217.0,4300.0,77.0,331.1,5.1062582893803405,oats2006,2006
860,Dufferin,1608.0,1300.0,76.0,98.8,1.5237037722463835,oats2006,2006
861,Grey,5405.0,4500.0,72.0,324.0,4.996761358378829,oats2006,2006
862,Halton,886.0,700.0,37.0,25.9,0.39943246661114706,oats2006,2006
863,Huron,4203.0,3500.0,69.0,241.5,3.7244378643471823,oats2006,2006
864,Peel,943.0,800.0,76.0,60.8,0.9376638598439283,oats2006,2006
865,Perth,2597.0,2200.0,93.0,204.6,3.1553622651984825,oats2006,2006
866,Simcoe,5996.0,5000.0,73.0,365.0,5.629067579655162,oats2006,2006
867,Waterloo,1935.0,1600.0,87.0,139.2,2.146756731747941,oats2006,2006
868,Wellington,2664.0,2200.0,68.0,149.6,2.307146602510718,oats2006,2006
870,Durham,4351.0,3600.0,73.0,262.8,4.052928657351717,oats2006,2006
871,Haliburton,59.0,0.0,0.0,0.0,0.0,oats2006,2006
872,Hastings,5224.0,4400.0,67.0,294.8,4.546435952006416,oats2006,2006
873,Kawartha Lakes,4793.0,4000.0,74.0,296.0,4.564942475555967,oats2006,2006
874,Muskoka,229.0,200.0,47.0,9.4,0.14496776780481788,oats2006,2006
875,Northumberland,6347.0,5400.0,51.0,275.4,4.247247154622004,oats2006,2006
876,Parry Sound,1116.0,900.0,47.0,42.3,0.6523549551216804,oats2006,2006
877,Peterborough,3590.0,3000.0,66.0,198.0,3.053576385675951,oats2006,2006
878,Prince Edward,3841.0,3200.0,53.0,169.6,2.6155886616699053,oats2006,2006
879,York,680.0,600.0,65.0,39.0,0.6014620153604145,oats2006,2006
881,Frontenac,818.0,700.0,50.0,35.0,0.5397736035285772,oats2006,2006
882,Lanark,1328.0,1100.0,65.0,71.5,1.1026803614940934,oats2006,2006
883,Leeds and Grenville,3001.0,2500.0,59.0,147.5,2.274760186299004,oats2006,2006
884,Lennox and Addington,1570.0,1300.0,70.0,91.0,1.4034113691743006,oats2006,2006
885,Ottawa,3184.0,2700.0,62.0,167.4,2.581660035162395,oats2006,2006
886,Prescott and Russell,3955.0,3300.0,46.0,151.8,2.3410752290182293,oats2006,2006
887,Renfrew,8132.0,6900.0,66.0,455.4,7.023225687054687,oats2006,2006
888,"Stormont, Dundas and Glengarry",3024.0,2500.0,57.0,142.5,2.197649671509207,oats2006,2006
890,Algoma,1341.0,1100.0,60.0,66.0,1.0178587952253169,oats2006,2006
891,Cochrane,975.0,800.0,78.0,62.4,0.9623392245766633,oats2006,2006
892,Grand Sudbury,365.0,300.0,50.0,15.0,0.2313315443693902,oats2006,2006
893,Kenora,302.0,300.0,23.0,6.9,0.1064125104099195,oats2006,2006
894,Manitoulin,847.0,700.0,81.0,56.7,0.8744332377162951,oats2006,2006
895,Nipissing,2333.0,1900.0,66.0,125.4,1.9339317109281022,oats2006,2006
896,Rainy River,2450.0,2000.0,44.0,88.0,1.3571450603004227,oats2006,2006
897,Sudbury,711.0,600.0,57.0,34.2,0.5274359211622097,oats2006,2006
898,Thunder Bay,434.0,400.0,46.0,18.4,0.28376669442645197,oats2006,2006
899,Timiskaming,10081.0,8500.0,81.0,688.5,10.61811788655501,oats2006,2006
901,Brant,2100.0,2100.0,43.778474609141966,91.93,1.417753924925203,oats2005,2005
902,Chatham-Kent,2000.0,2000.0,81.36568925900731,162.73,2.5096388143487243,oats2005,2005
903,Elgin,1900.0,1700.0,54.581117065774,92.79,1.431016933469048,oats2005,2005
904,Essex,1000.0,1000.0,48.81544794510828,48.82,0.7529070664075753,oats2005,2005
905,Haldimand-Norfolk,2200.0,2200.0,52.03882528086875,114.49,1.7656765676567656,oats2005,2005
906,Hamilton,1400.0,1400.0,59.524807128341344,83.33,1.2851238394867524,oats2005,2005
907,Lambton,3000.0,2900.0,70.09677337149382,203.28,3.1350050892939763,oats2005,2005
908,Middlesex,4400.0,4400.0,70.1533688034371,308.67,4.760340520033312,oats2005,2005
909,Niagara,3900.0,3900.0,43.62269356573985,170.13,2.623762376237624,oats2005,2005
910,Oxford,5100.0,4700.0,62.766989448400075,295.0,4.549520372598008,oats2005,2005
912,Bruce,5400.0,5200.0,71.96152341471675,374.2,5.770950926868387,oats2005,2005
913,Dufferin,2000.0,1500.0,36.740174578933626,55.11,0.8499120940131396,oats2005,2005
914,Grey,6800.0,6800.0,54.5151495215869,370.7,5.71697356651553,oats2005,2005
915,Halton,700.0,700.0,38.780011468211654,27.15,0.41871009530859626,oats2005,2005
916,Huron,4700.0,4700.0,66.02540566051674,310.32,4.7857869899139445,oats2005,2005
917,Peel,500.0,500.0,75.24908245972453,37.62,0.5801795132784306,oats2005,2005
918,Perth,2500.0,2500.0,62.18949437869943,155.47,2.3976743468739397,oats2005,2005
919,Simcoe,5700.0,5400.0,51.24220097807793,276.71,4.267450109496931,oats2005,2005
920,Waterloo,700.0,700.0,63.628568629542784,44.54,0.6869004657475093,oats2005,2005
921,Wellington,3600.0,3600.0,71.61708277822626,257.82,3.976126584621079,oats2005,2005
923,Durham,3200.0,2500.0,56.434765708015796,141.09,2.1759045063384845,oats2005,2005
924,Haliburton,0.0,0.0,0.0,0.0,0.0,oats2005,2005
925,Hastings,2100.0,2100.0,41.41740327978339,86.98,1.3414145152833041,oats2005,2005
926,Kawartha Lakes,5600.0,5000.0,48.6742622265031,243.37,3.7532771968785665,oats2005,2005
927,Muskoka,200.0,200.0,40.11288886066559,8.02,0.12368526572283396,oats2005,2005
928,Northumberland,6200.0,6200.0,55.098419568603724,341.61,5.268344591468493,oats2005,2005
929,Parry Sound,900.0,800.0,41.88083557727295,33.5,0.5166404490916382,oats2005,2005
930,Peterborough,3200.0,2900.0,50.60672046726409,146.76,2.2633478301101135,oats2005,2005
931,Prince Edward,1700.0,1700.0,53.471477916752534,90.9,1.4018691588785048,oats2005,2005
932,York,1800.0,1800.0,66.59298296973553,119.87,1.8486474815705871,oats2005,2005
934,Frontenac,1500.0,1300.0,63.09799288014423,82.03,1.2650751056414054,oats2005,2005
935,Lanark,1000.0,800.0,67.90294413980337,54.32,0.8377286326763518,oats2005,2005
936,Leeds and Grenville United,4200.0,3500.0,51.23708382109998,179.33,2.76564572345085,oats2005,2005
937,Lennox and Addington,1100.0,1100.0,71.64084263793032,78.8,1.2152617130871965,oats2005,2005
938,Ottawa,900.0,900.0,44.09100228921267,39.68,0.6119490453718269,oats2005,2005
939,Prescott and Russell United,7500.0,6900.0,57.25538217096445,395.06,6.09265599457142,oats2005,2005
940,Renfrew,8200.0,7100.0,70.73358773566682,502.21,7.745134326516764,oats2005,2005
941,"Stormont, Dundas and Glengarry",2600.0,2400.0,63.78325206183226,153.08,2.360815520804417,oats2005,2005
943,Algoma,1100.0,800.0,54.78969437057683,43.83,0.6759507726473581,oats2005,2005
944,Cochrane,600.0,500.0,42.16687462169262,21.08,0.32509793035378304,oats2005,2005
945,Kenora,200.0,200.0,33.06367750474413,6.61,0.10194010055211129,oats2005,2005
946,Manitoulin,0.0,0.0,0.0,0.0,0.0,oats2005,2005
947,Nipissing,1500.0,900.0,51.66981949185807,46.5,0.7171277875451096,oats2005,2005
948,Rainy River,1400.0,800.0,34.865874422668064,27.89,0.43012245149748624,oats2005,2005
949,Sudbury,300.0,200.0,38.83459924237418,7.77,0.11982973998334412,oats2005,2005
950,Grand Sudbury,0.0,0.0,0.0,0.0,0.0,oats2005,2005
951,Thunder Bay,200.0,200.0,37.25245083248487,7.45,0.11489466703679714,oats2005,2005
952,Timiskaming,8200.0,6300.0,65.10760638970808,410.18,6.325838191295765,oats2005,2005
954,Brant,2200.0,1800.0,64.69217129256464,116.45,1.795903889454366,ots2004,2004
955,Chatham-Kent,800.0,700.0,75.70883410741881,53.0,0.8173714567718454,ots2004,2004
956,Elgin,2100.0,2100.0,72.26750173521143,151.76,2.3404583448999103,ots2004,2004
957,Essex,200.0,200.0,59.275191702726396,11.86,0.18290614108139785,ots2004,2004
958,Haldimand-Norfolk,3100.0,1600.0,60.225479424033296,96.36,1.4860738410289627,ots2004,2004
959,Hamilton,2300.0,1900.0,60.5194709012968,114.99,1.7733876191357454,ots2004,2004
960,Lambton,2900.0,2900.0,74.71621632347515,216.68,3.3416612689306318,ots2004,2004
961,Middlesex,3300.0,2900.0,74.19376139439296,215.16,3.318219672434533,ots2004,2004
962,Niagara,600.0,500.0,60.09018603960296,30.05,0.4634341938866784,ots2004,2004
963,Oxford,2000.0,1700.0,79.09194036639538,134.46,2.073655963727214,ots2004,2004
965,Bruce,6100.0,5000.0,74.55248358270516,372.76,5.7487430986089265,ots2004,2004
966,Dufferin,1900.0,1700.0,74.45803406193228,126.58,1.9521297924184942,ots2004,2004
967,Grey,2700.0,2700.0,66.39900777036742,179.28,2.764874618302952,ots2004,2004
968,Halton,600.0,600.0,82.32229251456046,49.39,0.7616976650936121,ots2004,2004
969,Huron,2200.0,2200.0,61.83060070406926,136.03,2.09786866537121,ots2004,2004
970,Peel,500.0,500.0,60.60731292114875,30.3,0.4672897196261682,ots2004,2004
971,Perth,400.0,400.0,84.27547290341873,33.71,0.5198790907128096,ots2004,2004
972,Simcoe,6200.0,6200.0,71.59126753100612,443.87,6.845408839949416,ots2004,2004
973,Waterloo,2300.0,2300.0,85.01223488748371,195.53,3.015483791369791,ots2004,2004
974,Wellington,2700.0,2300.0,69.92346339909197,160.82,2.4801825976990224,ots2004,2004
976,Durham,4600.0,4400.0,82.38084775021797,362.48,5.590203880201105,ots2004,2004
977,Haliburton,0.0,0.0,0.0,0.0,0.0,ots2004,2004
978,Hastings,2700.0,2500.0,62.613090693775796,156.53,2.4140217760093767,ots2004,2004
979,Kawartha Lakes,4700.0,4600.0,73.73433364293935,339.18,5.230868881280651,ots2004,2004
980,Muskoka,300.0,200.0,65.05939637316149,13.01,0.2006415594830511,ots2004,2004
981,Northumberland,7200.0,6600.0,70.25605103459387,463.69,7.1510749205761694,ots2004,2004
982,Parry Sound,0.0,0.0,0.0,0.0,0.0,ots2004,2004
983,Peterborough,2000.0,1500.0,72.85532700652551,109.28,1.6853274112457974,ots2004,2004
984,Prince Edward,1200.0,1200.0,72.04194534494756,86.45,1.3332408007155856,ots2004,2004
985,York,700.0,500.0,83.6905021171302,41.85,0.6454150087905988,ots2004,2004
987,Frontenac,1700.0,1400.0,59.17426706475935,82.84,1.2775670090373523,ots2004,2004
988,Lanark,1400.0,600.0,58.68275290647983,35.21,0.5430122451497487,ots2004,2004
989,Leeds and Grenville United,2100.0,2000.0,60.64665147911678,121.29,1.8705468677708894,ots2004,2004
990,Lennox and Addington,100.0,100.0,55.77969625784461,5.58,0.08605533450541317,ots2004,2004
991,Ottawa,4100.0,3700.0,71.38254750338578,264.12,4.073285833256223,ots2004,2004
992,Prescott and Russell United,3400.0,3300.0,65.48464034737033,216.1,3.332716449215015,ots2004,2004
993,Renfrew,4700.0,3800.0,61.18137851253377,232.49,3.585484716695969,ots2004,2004
994,"Stormont, Dundas and Glengarry",2600.0,1900.0,69.17659534918396,131.44,2.0270812127941764,ots2004,2004
996,Algoma,1700.0,1100.0,64.19789903872157,70.62,1.0891089108910892,ots2004,2004
997,Cochrane,400.0,300.0,55.26770358957437,16.58,0.25569846704296595,ots2004,2004
998,Kenora,0.0,0.0,0.0,0.0,0.0,ots2004,2004
999,Manitoulin,100.0,100.0,58.67404661687155,5.87,0.09052774436322138,ots2004,2004
1000,Nipissing,800.0,800.0,50.24002669805138,40.19,0.6198143178803861,ots2004,2004
1001,Rainy River,4400.0,2700.0,65.58963516949477,177.09,2.731100212825021,ots2004,2004
1002,Sudbury,100.0,0.0,0.0,0.0,0.0,ots2004,2004
1003,Grand Sudbury,0.0,0.0,0.0,0.0,0.0,ots2004,2004
1004,Thunder Bay,700.0,400.0,76.20055054263263,30.48,0.47006569815860094,ots2004,2004
1005,Timiskaming,8200.0,6100.0,70.55092101042912,430.36,6.637056228987385,ots2004,2004
